model,seed,n_trials,optimization_method,objective_map,gradient_norm_map_fd,optimization_seconds,n_polish_steps,ad_polish_objective,ad_polish_seconds,ad_polish_gradient_norm,ad_polish_n_steps,gn_minus_ad_polish_objective,theta_true,theta_map,numpy_jax_objective_abs_error_map,numpy_jax_objective_abs_error_probe,ad_gradient_norm_probe,grad_h001_rel_error,grad_h0001_rel_error,grad_h00001_rel_error,grad_h000001_rel_error,grad_h0000001_rel_error,gn_ad_rel_fro_error,fd_ad_rel_fro_error,original_ad_rel_fro_error,original_fd_rel_fro_error,gn_logdet,original_logdet,fd_logdet,ad_logdet,gn_min_eig,original_min_eig,fd_min_eig,ad_min_eig,original_is_pd,fd_h001_rel_error,fd_h0001_rel_error,fd_h00001_rel_error,fd_h000001_rel_error,fd_h001_seconds,fd_h0001_seconds,fd_h00001_seconds,fd_h000001_seconds,ad_hessian_seconds,laplace_logevidence_gn,laplace_logevidence_original,laplace_logevidence_fd,laplace_logevidence_ad,laplace_gn_minus_ad,laplace_original_minus_ad,laplace_original_minus_fd,laplace_fd_minus_ad
binary,123,250,lbfgsb+gn,126.78382637869288,1.9750971550653646e-06,0.4173891249993176,1,126.78382637869288,1.2128389999998035,3.99066479482014e-07,1,0.0,[0.35 3.  ],[0.272888 2.801206],4.263256414560601e-14,0.0,11.73918402197137,1.3448190618329597e-06,1.3446751568704942e-08,1.9986960291893326e-10,3.1044021153222777e-10,1.4336845856311672e-08,0.5850542230920208,3.833375268448268e-08,7.664018181290357e-06,7.631476798344462e-06,7.408841493214429,6.800726147752375,6.800723097698435,6.80072298851284,8.643098272049134,7.414520435337496,7.414551368539877,7.4145508358653505,True,7.225483455832145e-07,3.833375268448268e-08,3.3318890654401677e-06,0.0006524632431473002,0.015447583002242027,0.015275040997948963,0.015528333002293948,0.015546916998573579,0.3987547920005454,-128.65037005889076,-128.34631238615972,-128.34631086113274,-128.34631080653995,-0.304059252350811,-1.5796197772033338e-06,-1.5250269882471912e-06,-5.459278895614261e-08
binary,124,250,lbfgsb+gn,94.8858887362241,1.2933416681170697e-07,0.3369117500005814,1,94.88588873622412,1.1247512500012817,2.3316314028140372e-06,0,-1.4210854715202004e-14,[0.35 3.  ],[0.382357 3.074419],1.4210854715202004e-14,0.0,15.764935289187333,1.5216366008021603e-06,1.5210713245957616e-08,2.068260870336384e-10,5.637594576278957e-10,4.036481410648186e-09,0.23848390852919585,8.105774128574392e-09,1.4444697037717363e-05,1.445190924283449e-05,7.489222892581632,7.251075807343129,7.251103491760649,7.25110341544327,9.237213450641876,9.017343915002144,9.017463663110025,9.017463038633952,True,1.1483268471474663e-06,8.105774128574392e-09,1.0389370806653227e-06,0.00024367031679341057,0.01565895800013095,0.01570983399869874,0.016000125000573462,0.015601999999489635,0.408721499999956,-96.79262311610557,-96.67354957348633,-96.67356341569509,-96.6735633775364,-0.1190597385691774,1.3804050070120866e-05,1.3842208758774177e-05,-3.81586886533114e-08
binary,125,250,lbfgsb+gn,114.86035788654179,5.293821123293461e-07,0.2917775830028404,1,114.86035788654179,1.1322276669998246,7.105427357601002e-09,1,0.0,[0.35 3.  ],[0.486629 2.774382],2.842170943040401e-14,0.0,14.334756621359398,5.460506289015984e-07,5.46086697741371e-09,5.079573393479237e-11,1.8965682428978964e-10,5.982113266290069e-09,0.0443806611783216,1.4454144948575104e-08,3.4737439433927503e-06,3.4838859601587756e-06,7.279127985715089,7.221813469605628,7.221855182302887,7.221855075645402,9.156004324688453,9.023046512310888,9.02341143274199,9.023410588845863,True,2.2465982925455994e-07,1.4454144948575104e-08,2.2735364728541934e-06,0.00020453349199288067,0.01568629200119176,0.01549945800070418,0.01520354199965368,0.015405707999889273,0.4508088750008028,-116.66204481298999,-116.63338755493525,-116.63340841128388,-116.63340835795515,-0.028636455034842356,2.0803019893378405e-05,2.085634862680763e-05,-5.3328733429225395e-08
binary,126,250,lbfgsb+gn,121.83629640414897,3.184711722495076e-08,0.35222224999961327,1,121.83629640414895,1.28174329200192,7.971103733184449e-07,0,1.4210854715202004e-14,[0.35 3.  ],[0.373254 2.472622],0.0,0.0,17.435888404214175,4.511767379046691e-07,4.517421606453275e-09,9.4788757169939e-11,8.185796928309396e-10,1.7122740617764645e-09,0.02502287391915078,2.1436226025166133e-08,1.859425447119041e-05,1.8614220848151597e-05,7.258314452439121,7.273381382639039,7.273445817621086,7.2734458373254895,10.318398486694182,10.659757952138335,10.660252779910229,10.660253216346515,True,2.6733530701662784e-06,2.1436226025166133e-08,1.5284988609570466e-06,0.0001484150289625832,0.015694124998844927,0.015544584002782358,0.015734041000541765,0.015371834000688978,0.40875320799750625,-123.62757656395918,-123.63511002905913,-123.63514224655016,-123.63514225640236,0.007565692443179728,3.222734322605447e-05,3.2217491025221534e-05,9.852200832938252e-09
binary,127,250,lbfgsb+gn,104.3261454887267,1.7316841407445142e-07,0.31587766699885833,0,104.32614548872671,1.1519894170014595,5.494063371198307e-07,0,-1.4210854715202004e-14,[0.35 3.  ],[0.45612  2.831602],1.4210854715202004e-14,1.4210854715202004e-14,16.264697885472337,5.485541783635588e-07,5.482882274241063e-09,7.824508726761706e-11,4.685501173066895e-10,6.5758550391284816e-09,0.3943546077479037,7.753426622362223e-08,5.722516579580022e-06,5.7644511644341255e-06,7.05041706624319,6.710126288024374,6.710159895680219,6.71015975516028,9.830768690668975,9.765767265020541,9.766065142044525,9.766064526565799,True,1.7685352994978058e-06,7.753426622362223e-08,5.871151169423199e-06,0.0006478059950778197,0.01537179200022365,0.015910541002085665,0.015609915997629287,0.015254458001436433,0.4193208329998015,-106.01347695543895,-105.84333156632954,-105.84334837015746,-105.84334829989749,-0.17012865554146117,1.6733567946403127e-05,1.6803827918465686e-05,-7.025997206255852e-08
binary,128,250,lbfgsb+gn,123.6132899948524,8.669638583426869e-07,0.3643122499997844,0,123.61328999485241,1.1327147919982963,2.704870860725613e-09,1,-1.4210854715202004e-14,[0.35 3.  ],[0.395982 2.626901],1.4210854715202004e-14,2.842170943040401e-14,14.799235082970235,1.0848395316310433e-06,1.0854265051600846e-08,2.2502605184830727e-10,4.698419529583084e-10,2.335555956118864e-09,0.44060610412996354,1.31882433249738e-08,1.2456188015382898e-05,1.244457356821353e-05,7.360203445087434,6.954306223082617,6.954319261678919,6.954319211605602,9.645706825654825,9.196372290585444,9.19660446528478,9.19660412162845,True,9.301466279605118e-07,1.31882433249738e-08,4.352642272128067e-06,0.0003726099795586913,0.015300499999284511,0.01570795799852931,0.01550808399770176,0.015335957999923266,0.4183871659988654,-125.45551465098676,-125.25256603998436,-125.25257255928251,-125.25257253424584,-0.202942116740914,6.494261484135677e-06,6.519298153762065e-06,-2.5036669626388175e-08
binary,129,250,lbfgsb+gn,122.81800932618823,4.689582056016661e-07,0.33771545799754676,1,122.81800932618822,1.2025917080027284,9.950983939595746e-07,0,1.4210854715202004e-14,[0.35 3.  ],[0.303668 2.73753 ],1.4210854715202004e-14,2.842170943040401e-14,13.588349046867489,6.310229803443442e-07,6.3233733435915825e-09,8.903782321722116e-11,6.311350200426123e-10,5.6921633519246364e-09,0.29853828629907797,6.105926951543338e-08,4.844941081239961e-05,4.851039714248286e-05,7.213599034211608,6.975148183576652,6.975218760112582,6.975218717687947,7.965616088783709,8.127417876735578,8.127600841914575,8.1276009895728,True,5.316319593853908e-06,6.105926951543338e-08,2.2573304023593953e-07,0.00022661726223383851,0.01578562500071712,0.015536040998995304,0.015569084000162547,0.015548999999737134,0.41027754099923186,-124.58693177688468,-124.46770635156722,-124.46774163983517,-124.46774161862285,-0.11919015826182999,3.5267055636722944e-05,3.528826795218265e-05,-2.1212315459706588e-08
binary,130,250,lbfgsb+gn,96.5277094362452,1.8439380083844696e-07,0.3864072920005128,0,96.52770943624522,1.1455232919979608,7.463380636127716e-09,1,-1.4210854715202004e-14,[0.35 3.  ],[0.285236 3.111466],0.0,1.4210854715202004e-14,15.90551232592456,5.995597465313198e-07,5.9891879566488185e-09,6.286773973094485e-11,7.161392595231751e-10,1.967992246740528e-09,0.19697811254219633,5.659708021696109e-08,3.6748187005249395e-05,3.680475819998441e-05,7.289114357108316,7.543050510608509,7.543099626621605,7.543099543776883,8.690169301422547,8.994427429959114,8.994538820748437,8.994538582301702,True,3.716566289155236e-06,5.659708021696109e-08,2.520014854656294e-06,0.00024044816296133685,0.015558292001514928,0.01636375000089174,0.015608666999469278,0.01572366599793895,0.46730366699921433,-98.33438954839,-98.46135762514011,-98.46138218314665,-98.4613821417243,0.12699259333429325,2.45165841903372e-05,2.4558006543884403e-05,-4.1422353547204693e-08
binary,131,250,lbfgsb+gn,101.58227782648545,1.1646672812358297e-06,0.32178429099803907,1,101.58227782648545,1.1733416659990326,3.6664269102399943e-07,0,0.0,[0.35 3.  ],[0.362255 3.705955],0.0,1.4210854715202004e-14,15.358690155230626,3.3743591498828347e-06,3.3743897384967956e-08,3.4304350704797335e-10,3.4706879391008566e-10,3.4706879391008566e-10,0.0884140614106795,1.7715021060896938e-08,2.7204479170146482e-05,2.7222187643787452e-05,7.261560023674672,7.26863559453916,7.268685225052321,7.2686851853915275,6.185951486136496,5.679867833901803,5.6799954109526825,5.6799952862095475,True,8.220794710998024e-07,1.7715021060896938e-08,9.329674392086855e-07,0.00012524276511121583,0.01605550000022049,0.01571904199954588,0.015585125001962297,0.015502915997785749,0.4031623330010916,-103.37518077191343,-103.37871855734568,-103.37874337260226,-103.37874335277186,0.0035625808584285323,2.4795426185164615e-05,2.4815256580268397e-05,-1.9830395103781484e-08
binary,132,250,lbfgsb+gn,104.53148915096328,1.4900518064157658e-07,0.3077120420020947,1,104.5314891509633,1.2556857500021579,2.464189558439204e-09,1,-1.4210854715202004e-14,[0.35 3.  ],[0.492262 2.883474],0.0,0.0,15.205824966302002,3.895064455462103e-07,3.894262971304796e-09,1.2085878046533453e-11,7.842015887756831e-10,2.699732892156797e-09,0.20771374573342308,5.940749602463277e-08,8.762309009927821e-06,8.819841036642683e-06,7.054678206481533,6.923880693534995,6.923920025302101,6.923919918839325,8.65207260742459,9.128920086214542,9.129201789746006,9.129201359302405,True,8.905682563226445e-07,5.940749602463277e-08,5.685777875043339e-06,0.0003862189431720932,0.015528416002780432,0.01546829200015054,0.01575162500012084,0.015466542001377093,0.42695904200081713,-106.2209511877947,-106.15555243132142,-106.15557209720498,-106.15557204397359,-0.06537914382110444,1.961265216721131e-05,1.9665883556285735e-05,-5.323138907442626e-08
binary,133,250,lbfgsb+gn,117.78023838260975,1.0400581117595404e-06,0.42724237500078743,0,117.78023838260974,1.157304958000168,0.0,1,1.4210854715202004e-14,[0.35 3.  ],[0.473346 2.898826],1.4210854715202004e-14,2.842170943040401e-14,14.404811134000019,5.012688776750496e-07,5.022511572309681e-09,9.679138756061993e-11,3.882143728071865e-10,4.174346343878119e-09,0.031075683680499924,7.1257701290339625e-09,1.0220309541164814e-05,1.0227295237459352e-05,7.523072278741768,7.533223065848148,7.53323314525465,7.5332331098489655,8.135222021247769,7.972464896944453,7.972466153576848,7.972465927335446,True,4.378979848135907e-07,7.1257701290339625e-09,1.4910961753276444e-06,5.4768516600215074e-05,0.015101332999620354,0.01616291600294062,0.01588804099810659,0.01582599999892409,0.43108712500179536,-119.7038974555713,-119.70897284912448,-119.70897788882773,-119.70897787112489,0.005080415553592843,5.022000408416716e-06,5.03970325382852e-06,-1.7702845411804446e-08
binary,134,250,lbfgsb+gn,113.36816420485135,5.367460750251595e-08,0.2954503750006552,1,113.36816420485137,1.1621263749984792,9.194832461092882e-07,0,-1.4210854715202004e-14,[0.35 3.  ],[0.48371  2.884848],0.0,1.4210854715202004e-14,13.363617641701614,3.766861911170561e-07,3.765949609882953e-09,3.4290667248613e-11,3.0433831856905723e-10,2.3034187977826393e-09,0.13528284688811068,8.145358769517284e-09,5.291595607634346e-06,5.29971925141518e-06,7.083922419524394,7.356008899436965,7.356050520235591,7.356050463249974,6.998326400667004,7.945806038929674,7.946097652463935,7.94609726127934,True,1.7242762442892446e-07,8.145358769517284e-09,2.1990002521265693e-06,0.0001657149628061359,0.015410209001856856,0.015404625002702232,0.015512459001911338,0.01580137500059209,0.42290479199800757,-115.0722483482042,-115.20829158816049,-115.2083123985598,-115.20831237006699,0.13606402186279354,2.078190649967837e-05,2.0810399306014915e-05,-2.8492806336544163e-08
binary,135,250,lbfgsb+gn,116.3401489500999,1.2106262209030812e-07,0.34071741700245184,1,116.3401489500999,1.3246929590022773,0.0,1,0.0,[0.35 3.  ],[0.25819 2.63612],1.4210854715202004e-14,0.0,16.388640559335226,8.232875533458022e-07,8.230227444415367e-09,2.041446194785905e-11,4.0909822354221253e-10,3.2942662159081436e-09,0.12309895675577301,7.305843486140482e-08,6.070052235167888e-05,6.0773474568710354e-05,7.5576194024297685,7.421790484629627,7.421861190377725,7.421861088515224,10.905100936558355,10.682778699450532,10.682888412327777,10.682888094128066,True,6.090615231606207e-06,7.305843486140482e-08,9.815778672122732e-07,0.00016002323192725325,0.015025958000478568,0.01628349999737111,0.015607624998665415,0.015672790999815334,0.41817525000078604,-118.28108158490544,-118.21316712600537,-118.21320247887941,-118.21320242794816,-0.0678791569572752,3.530194278766885e-05,3.535287403622078e-05,-5.0931248551933095e-08
binary,136,250,lbfgsb+gn,104.26602150472763,1.6994505226853078e-06,0.3128146250019199,1,104.26602150472763,1.135958083999867,2.250263039218911e-09,1,0.0,[0.35 3.  ],[0.366599 3.157599],1.4210854715202004e-14,0.0,11.763707112963674,8.818339815040602e-07,8.82037418997403e-09,1.0905136065725734e-10,9.453568142546653e-10,1.7675563219057863e-09,0.5276212431665277,4.804169710395892e-08,3.47007498091192e-06,3.424314646081282e-06,7.510152066520445,7.007190034245239,7.007179055578554,7.0071789551372206,8.10127602834893,7.478062135366033,7.478005138577264,7.478004743336976,True,1.1612065055296054e-06,4.804169710395892e-08,2.386045193516022e-06,0.00033526297521704554,0.01523987499967916,0.015326708002248779,0.015485625001019798,0.015547167000477202,0.5333767919983075,-106.18322047157851,-105.9317394554409,-105.93173396610756,-105.9317339158869,-0.2514865556916135,-5.5395540101699225e-06,-5.489333346986314e-06,-5.022066318360885e-08
binary,137,250,lbfgsb+gn,122.40409884130239,1.424409739773451e-06,0.3678037089994177,0,122.40409884130237,1.2015314999989641,5.800942894005628e-07,0,1.4210854715202004e-14,[0.35 3.  ],[0.347664 2.754775],2.842170943040401e-14,0.0,12.814502619569872,8.274599370987813e-07,8.271625249462506e-09,1.6603995620137128e-10,1.822403350793232e-09,1.2022192116557385e-08,0.006388823794491124,4.966425009411455e-08,4.330175922813214e-05,4.335120710968157e-05,7.478467769828747,7.431078450725787,7.431135213738848,7.431135092054244,9.040631339133615,8.60293051555121,8.60304802087936,8.603047392911611,True,3.3594494459256216e-06,4.966425009411455e-08,1.6035513419520493e-06,0.0001879966574650805,0.015593125001032604,0.015662208999856375,0.015561707998131169,0.015533707999566104,0.435160334000102,-124.30545565980741,-124.28176100025593,-124.28178938176247,-124.28178932092015,-0.02366633888725289,2.8320664227976522e-05,2.8381506538721624e-05,-6.084231074510171e-08
binary,138,250,lbfgsb+gn,96.78717216154347,8.495553071183601e-07,0.36206445900097606,1,96.78717216154348,1.2232445419977012,0.0,1,-1.4210854715202004e-14,[0.35 3.  ],[0.326264 3.339646],1.4210854715202004e-14,1.4210854715202004e-14,13.13405911010864,5.468733580828538e-07,5.473449095870412e-09,3.6481721823866705e-11,3.450125711140668e-10,4.424694093799148e-09,0.18950307682748568,4.2461555426047164e-08,1.2560432117601316e-05,1.2602613111286478e-05,7.347316982475091,7.034536428640698,7.034587181658388,7.034587106280531,8.431103951845657,7.322549625062466,7.322829865939279,7.3228296243628055,True,1.7092917977427214e-06,4.2461555426047164e-08,3.154941644652146e-06,0.00027340684151377855,0.015598624999256572,0.01576941700113821,0.015677583000069717,0.01574054199954844,0.4372059579982306,-98.62295358637166,-98.46656330945447,-98.46658868596332,-98.46658864827438,-0.15636493809728336,2.5338819909848098e-05,2.5376508844487944e-05,-3.7688934639845684e-08
binary,139,250,lbfgsb+gn,110.01142174981284,7.72073470162873e-07,0.28859333299988066,1,110.01142174981283,1.2051236250008515,3.5483288878377245e-07,1,1.4210854715202004e-14,[0.35 3.  ],[0.347042 3.094893],1.4210854715202004e-14,1.4210854715202004e-14,12.753727660502832,2.5458384331209354e-06,2.5460714486809807e-08,2.6451604107463745e-10,2.353212598308187e-10,9.180539872074436e-09,0.18708727883412435,2.4323586270331462e-08,4.6269637301773786e-05,4.629391509076839e-05,7.274708565263445,7.402052443463605,7.402054627702092,7.402054624820629,8.503480759352739,7.8684835665084405,7.8681396281662614,7.868139796419706,True,2.601890358060012e-06,2.4323586270331462e-08,2.2753204961879573e-07,2.766613613251829e-05,0.015594624997902429,0.015535417001956375,0.015465667001990369,0.015091125002072658,0.4236940409973613,-111.81089896603521,-111.8745709051353,-111.87457199725453,-111.87457199581381,0.06367302977859879,1.0906785092856808e-06,1.0921192341584174e-06,-1.4407248727366095e-09
binary,140,250,lbfgsb+gn,114.68484204628903,9.097165084699742e-07,0.3231923339990317,1,114.68484204628903,1.1735662920000323,2.510954846378253e-09,1,0.0,[0.35 3.  ],[0.275    2.829771],1.4210854715202004e-14,1.4210854715202004e-14,14.079161983782429,3.4418427538416417e-07,3.4432611564036372e-09,7.147859030914442e-11,5.705291848644748e-10,3.1525070193713674e-09,0.3842451676366997,2.9060393417544034e-08,2.4010582933888374e-05,2.4039620260748502e-05,7.559438931098876,7.2089577339139,7.2090119996514055,7.209011952659328,9.308835618274557,9.07652444443575,9.076801024880115,9.076800860077466,True,2.597386708997571e-06,2.9060393417544034e-08,8.671851799761343e-07,9.647420371393319e-05,0.015121790998819051,0.015830291999009205,0.01531549999708659,0.01554345900149201,0.42568916700111004,-116.62668444542912,-116.45144384683664,-116.45147097970539,-116.45147095620935,-0.17521348921977165,2.7109372709333002e-05,2.7132868751778005e-05,-2.3496042445003695e-08
binary,141,250,lbfgsb+gn,112.95852099624214,1.8950611762771897e-07,0.34298924999893643,0,112.95852099624214,1.2657010420007282,1.5276758108596704e-06,0,0.0,[0.35 3.  ],[0.329748 2.720755],1.4210854715202004e-14,0.0,17.785985637067004,1.570526635844473e-06,1.5706190702720304e-08,9.890374073142502e-11,2.0951680144154986e-10,5.729264773643662e-09,0.20871618297974126,3.2204111135655676e-08,3.487424371989564e-05,3.490638622756416e-05,7.525432244103836,7.722382213042524,7.7224618752488645,7.722461832167518,11.380277048159359,10.979309305618422,10.979801470118641,10.979801349955833,True,2.0252629023498024e-06,3.2204111135655676e-08,3.547607922824573e-07,4.599203167222362e-05,0.01521475000117789,0.015571957999782171,0.01583658299932722,0.015882499999861466,0.5049092909976025,-114.88336005188471,-114.98183503635406,-114.98187486745722,-114.98187484591655,0.09851479403184271,3.9809562494497186e-05,3.983110316596594e-05,-2.1540671468756045e-08
binary,142,250,lbfgsb+gn,114.79976690185624,3.8467455148866983e-07,0.311535749999166,1,114.79976690185624,1.1633112919989799,7.813990759316641e-07,0,0.0,[0.35 3.  ],[0.437623 2.846157],1.4210854715202004e-14,0.0,13.459701059380993,1.650346485873255e-06,1.6499372738054675e-08,2.1328095221565094e-10,4.072966012617213e-10,8.858671366837484e-10,0.15465838948691515,1.39622834421221e-09,1.6360292338257062e-05,1.636025917192831e-05,7.129383823476626,7.3018635372502665,7.301945436657137,7.301945433975467,8.3920514129265,8.455054457446256,8.455614300924866,8.45561427519827,True,1.7502639469695024e-07,1.39622834421221e-09,5.864822601517552e-07,6.0202397011945404e-05,0.015210459001536947,0.015582042000460206,0.015482042002986418,0.015167583002039464,0.4169388340014848,-116.5265817471852,-116.61282160407202,-116.61286255377547,-116.61286255243463,0.08628080524943016,4.09483626100382e-05,4.0949703446813146e-05,-1.3408367749434547e-09
categorical,123,250,lbfgsb+gn,219.30162263821654,5.260044361789488e-07,0.35389666599803604,1,219.30162263821654,1.2873588330003258,5.802573019702229e-07,0,0.0,[0.35 3.  ],[0.385576 2.918953],2.842170943040401e-14,2.842170943040401e-14,11.989803883822669,3.350959381780031e-06,3.351434352319919e-08,3.8678714440555566e-10,1.191619204943307e-09,1.0835945057938214e-08,0.11648103186819465,1.077321878584923e-08,1.4742279533647057e-05,1.4753028146879004e-05,7.768980476403977,7.973764129946945,7.973833265122286,7.973833237670854,7.014247025951507,7.608018474761587,7.6084356743749595,7.60843554401837,True,3.5702877175693734e-07,1.077321878584923e-08,1.7936940448942608e-06,0.00019726503072049298,0.015617832999851089,0.01521212499937974,0.015572874999634223,0.015240749999065883,0.4425199999968754,-221.3482358100092,-221.4506276367807,-221.45066220436834,-221.45066219064265,0.10242638063346021,3.455386195128085e-05,3.4567587647416076e-05,-1.3725696135225007e-08
categorical,124,250,lbfgsb+gn,193.50680999083215,9.958104074669505e-08,0.3177104589994997,1,193.50680999083215,1.1598265829998127,4.573016630728284e-09,1,0.0,[0.35 3.  ],[0.4189   3.107545],2.842170943040401e-14,0.0,15.679186488236311,1.6439976148719413e-06,1.6441069269839955e-08,2.741188609001824e-10,4.82893195613881e-10,1.7420515986680867e-09,0.096125678302368,2.383333026901655e-08,1.4425473619882425e-05,1.4448914814734109e-05,7.988198795245447,7.909593346958059,7.90969271565187,7.909692679148291,9.428249726532462,9.551836092426454,9.55265198902457,9.55265186506274,True,5.511516946787576e-07,2.383333026901655e-08,1.8216147992974162e-06,2.1515789080646818e-05,0.015334290997998323,0.015312499999708962,0.015118958002858562,0.01534370800072793,0.4330238750007993,-195.66303232204555,-195.62372959790184,-195.62377928224876,-195.62377926399697,-0.03925305804858681,4.966609512280229e-05,4.968434691932089e-05,-1.8251796518597985e-08
categorical,125,250,lbfgsb+gn,194.47520738276285,1.604288603251505e-07,0.3308969159988919,1,194.47520738276285,1.2719317090013647,4.509822313686728e-09,1,0.0,[0.35 3.  ],[0.354141 3.15109 ],0.0,0.0,17.61867557796854,2.036132033699921e-06,2.0362972144179996e-08,3.171409138948093e-10,1.8826943661081314e-10,5.176897808878176e-09,0.15490860745743323,2.441892406677438e-08,2.485194327743366e-05,2.487612755669778e-05,8.131164595662502,8.33397315158528,8.334061038696328,8.334060997846148,10.341207580417839,10.704951632944173,10.705631068233023,10.705630892024393,True,2.5741392319159553e-06,2.441892406677438e-08,3.3622349072887035e-07,4.907212640339887e-05,0.018004458001087187,0.015330541998991976,0.016180500002519693,0.015479249999771127,0.45830041600129334,-196.70291261418475,-196.80431689214615,-196.8043608357017,-196.8043608152766,0.10144820109184138,4.392313044832008e-05,4.3943555539271983e-05,-2.0425090951903258e-08
categorical,126,250,lbfgsb+gn,221.40089470736717,8.850548367446891e-07,0.3761493750025693,1,221.40089470736717,1.3162080830006744,1.4210854715202004e-08,1,0.0,[0.35 3.  ],[0.364336 2.880819],2.842170943040401e-14,5.684341886080802e-14,12.134020223202347,2.9169966841569086e-06,2.9167589477949238e-08,4.545280924636289e-10,4.0505466422399163e-10,5.70560085899359e-09,0.08814881243144483,2.0963579130469616e-08,1.8818918681658183e-05,1.883967312052632e-05,7.837040986945576,8.028843246616036,8.028826489226827,8.02882640982923,7.372030153668856,8.152850245166166,8.152566390221795,8.15256591055132,True,8.35503950245461e-07,2.0963579130469616e-08,1.1423947824795174e-06,0.00013669880445306868,0.015516291998210363,0.015248834002704825,0.015130167001188966,0.015110541997273685,0.4399700419999135,-223.48153813443062,-223.57743926426585,-223.57743088557126,-223.57743084587244,0.09589271144182021,-8.41839340637307e-06,-8.37869458791829e-06,-3.969881845478085e-08
categorical,127,250,lbfgsb+gn,207.20885305917494,6.146353211786503e-07,0.32109370800026227,1,207.20885305917497,1.1944492909969995,0.0,1,-2.842170943040401e-14,[0.35 3.  ],[0.535305 2.628061],0.0,0.0,21.124742378539324,4.0756057190570516e-07,4.084049854672415e-09,3.4269802191268815e-11,4.112127691242797e-10,8.129555186722383e-09,0.27404543874580295,6.213348733414957e-08,2.863302733798213e-06,2.884492489245808e-06,7.797055677043243,7.547303625541885,7.547309539911296,7.547309404307597,11.128604209500766,11.038969488370626,11.039028822498441,11.039028001762972,True,9.004158559459021e-07,6.213348733414957e-08,5.573988642967188e-06,0.0004940286309379251,0.015308999998524087,0.01532266700087348,0.015272209002432646,0.015164208998612594,0.43993604199931724,-209.26950383128724,-209.14462780553654,-209.14463076272125,-209.1446306949194,-0.1248731363678246,2.8893828698528523e-06,2.957184705110194e-06,-6.780183525734174e-08
categorical,128,250,lbfgsb+gn,225.72608886580022,7.105427357601002e-08,0.35528250000061234,1,225.72608886580022,1.2309647080001014,5.569721943131168e-09,1,0.0,[0.35 3.  ],[0.447741 2.551448],2.842170943040401e-14,2.842170943040401e-14,16.387218622795483,9.186836271103634e-07,9.183816690273076e-09,2.1629246245004457e-10,4.077339314952031e-10,1.0063591877443622e-08,0.06242251955923939,1.756977460144614e-08,1.0620523859671296e-05,1.0605407152705017e-05,7.6840817332529205,7.587421779791123,7.587356122517399,7.5873560819114925,9.241375732804368,8.877984239013836,8.877488140787431,8.877487933823753,True,1.2747615851951203e-07,1.756977460144614e-08,2.754614751234031e-07,0.00010646751235077501,0.015411791999213165,0.015689458999986527,0.015213624999887543,0.01577437499872758,0.46253495899873087,-227.73025266601735,-227.68192268928644,-227.6818898606496,-227.68188984034663,-0.04836282567072203,-3.2848939810037336e-05,-3.2828636847170856e-05,-2.030296286648081e-08
categorical,129,250,lbfgsb+gn,235.59447980196325,8.156682255404756e-07,0.34596945800149115,1,235.59447980196327,1.304135624999617,1.517547651698786e-08,1,-2.842170943040401e-14,[0.35 3.  ],[0.29424  2.669125],5.684341886080802e-14,2.842170943040401e-14,10.37397715724618,2.903474516764558e-06,2.9022020068216304e-08,2.890879773168111e-10,1.314054742054899e-09,1.315226850651736e-08,0.15852181013056196,4.3291598665680274e-08,2.8854469214055693e-05,2.889771828594718e-05,7.468424062646387,7.799094820258152,7.799213123173014,7.799212899027392,5.698526305724433,6.675075485856316,6.675674958403905,6.675673744739934,True,1.9027912377926914e-06,4.3291598665680274e-08,3.105980532340595e-06,0.00012927110964029581,0.015763040999445366,0.015594458000123268,0.01587837499755551,0.015790709003340453,0.4603178749966901,-237.4908147668771,-237.656150145683,-237.6562092971404,-237.6562091850676,0.16539441819051603,5.9039384609604895e-05,5.915145740686967e-05,-1.1207279726477282e-07
categorical,130,250,lbfgsb+gn,202.4267587159183,5.263828979438435e-07,0.37730787499822327,1,202.42675871591834,1.3502374160016188,1.9617030615103575e-06,0,-2.842170943040401e-14,[0.35 3.  ],[0.383155 2.873122],5.684341886080802e-14,0.0,16.615120544365766,9.74011598931234e-07,9.736445707655797e-09,1.4261687186376004e-10,4.091641392215471e-10,3.900063787483143e-09,0.0993861754447838,1.4877700916968186e-08,1.4572223631590854e-05,1.4587096094619323e-05,7.987909336665318,8.178284095944775,8.17834914079349,8.178349076685755,9.797273987773162,10.677074499771173,10.677622158809898,10.677621625388038,True,1.197333989310562e-06,1.4877700916968186e-08,5.598543422477594e-07,8.595538105347801e-05,0.015275500001735054,0.015214457998808939,0.015614084000844741,0.016113334000692703,0.4563617919993703,-204.58283631784164,-204.67802369748136,-204.67805621990573,-204.67805618785187,0.0952198700102258,3.249037050068182e-05,3.252242436246888e-05,-3.205386178706249e-08
categorical,131,250,lbfgsb+gn,202.74809396720994,1.2124182383535055e-07,0.3567513339985453,1,202.74809396720997,1.2145980000022973,1.1920075103608762e-06,0,-2.842170943040401e-14,[0.35 3.  ],[0.400198 3.485481],2.842170943040401e-14,0.0,9.343570736756995,7.819548416826112e-07,7.80866690532646e-09,1.1464365524865076e-10,1.5748562281511267e-09,3.1286052640622707e-09,0.4422688238165402,6.187561043816225e-08,1.3252988869053416e-05,1.3314603258578799e-05,7.771558987083315,7.4082178148677125,7.408311910967115,7.408311732629677,5.620926732653979,5.631697185851828,5.632152916606148,5.6321522575950596,True,2.8097855523677418e-06,6.187561043816225e-08,4.644821677699844e-07,4.801499231622796e-05,0.015539957999862963,0.015543249999609543,0.015620832997228717,0.015665000002627494,0.47576033400036977,-204.79599639434227,-204.61432580823447,-204.61437285628418,-204.61437276711544,-0.181623627226827,4.6958880972169936e-05,4.7048049708564577e-05,-8.916873639464029e-08
categorical,132,250,lbfgsb+gn,203.881448206745,7.675931712457195e-07,0.3325227499990433,1,203.881448206745,1.2565887080018001,4.939215395595144e-07,0,0.0,[0.35 3.  ],[0.289351 3.188793],0.0,0.0,16.519964230949082,5.061027220375316e-06,5.061108095678455e-08,3.898318722159687e-10,1.7690452259659025e-09,2.747440419578453e-09,0.19853972106415493,4.743253370106265e-08,5.8555891510257115e-05,5.860326135489196e-05,8.088747214298785,8.390701792569205,8.390709152639086,8.390709071927205,8.430098190519947,9.138254931485044,9.137791672616665,9.137791361731189,True,5.058982835866104e-06,4.743253370106265e-08,7.572365803874821e-08,3.7486006104217826e-05,0.015581415998894954,0.015475583000807092,0.01548404200002551,0.01548495799943339,0.44541291700079455,-206.08794474748507,-206.23892203662027,-206.23892571665522,-206.2389256762993,0.15098092881422076,3.639679022171549e-06,3.680034950548361e-06,-4.035592837681179e-08
categorical,133,250,lbfgsb+gn,241.33457534701282,2.41675770834568e-07,0.37085995899906266,1,241.33457534701282,1.2793313330003002,5.383419962798086e-07,1,0.0,[0.35 3.  ],[0.481081 2.140107],2.842170943040401e-14,2.842170943040401e-14,17.571351055234754,1.2996073090950643e-07,1.2987123523540337e-09,1.8636245706700267e-10,3.854394759265059e-10,1.5244678071383998e-08,0.08235954046653791,3.1852867335239284e-08,8.059964287684233e-06,8.090457783661651e-06,7.396931534042058,7.5692693674054095,7.569335171664677,7.569335082991271,8.431571300393234,9.194272528907543,9.19480717410961,9.194806640642346,True,7.135639533798617e-07,3.1852867335239284e-08,4.501330808588693e-06,0.0004332021983571412,0.015370250002888497,0.015318249999836553,0.015301916999305831,0.01524191699718358,0.46065708300011465,-243.1951640476245,-243.2813329643062,-243.28136586643583,-243.2813658220991,0.08620177447460264,3.285779291672952e-05,3.2902129646572575e-05,-4.4336729843053035e-08
categorical,134,250,lbfgsb+gn,213.4987670745511,1.8426158826916506e-06,0.3515966250015481,0,213.49876707455107,1.1978943750000326,1.5118595836158677e-08,1,2.842170943040401e-14,[0.35 3.  ],[0.409982 2.754148],2.842170943040401e-14,2.842170943040401e-14,16.276623238368984,5.000914483926245e-07,4.994820952364825e-09,1.0795658645242822e-10,7.598020083055264e-10,1.240002942678458e-08,0.09938984137066542,3.9380596551649573e-08,1.9872623326079377e-05,1.991177728871053e-05,7.808895209497663,7.799683222894494,7.7997748275144465,7.799774730404992,9.943537237114386,10.830478553232528,10.83125967274572,10.831259044895967,True,1.5908302211106891e-06,3.9380596551649573e-08,1.8616922579045383e-06,0.00010238028801908037,0.015926374999253312,0.015499500001169508,0.015907166001852602,0.01587075000134064,0.4486222919986176,-215.5653376128906,-215.560731619589,-215.560777421899,-215.56077737334425,-0.004560239546350431,4.575375524495939e-05,4.5802309983855594e-05,-4.8554738896200433e-08
categorical,135,250,lbfgsb+gn,214.29176936431375,4.344381455637426e-08,0.4080880410001555,1,214.29176936431378,1.1870503749996715,1.5109037913705053e-08,1,-2.842170943040401e-14,[0.35 3.  ],[0.34874  2.769214],2.842170943040401e-14,0.0,15.51813085792797,1.297534766416982e-06,1.2981185248582445e-08,2.2197638193060504e-10,1.2170685001256392e-09,1.4626813231572262e-10,0.035718403483456944,3.919998473144275e-08,3.280707816381288e-05,3.28460115240619e-05,8.021604049063331,7.9816871694980644,7.981699064970147,7.98169891486739,9.856643741125808,9.809459758326044,9.809264868281483,9.809263768335827,True,2.3924138934080772e-06,3.919998473144275e-08,2.7542101511534734e-06,0.00020387712760513294,0.01572087499880581,0.01578125000014552,0.015672458001063205,0.015166834000410745,0.44237654199969256,-216.4646943224361,-216.44473588265345,-216.4447418303895,-216.4447417553381,-0.019952567097988094,5.872684653240867e-06,5.9477360423443315e-06,-7.505138910346432e-08
categorical,136,250,lbfgsb+gn,209.9191203274431,2.389647970438283e-06,0.49525904199981596,0,209.91912032744312,1.2273408340006426,4.89177240712667e-09,1,-2.842170943040401e-14,[0.35 3.  ],[0.351445 2.905052],2.842170943040401e-14,0.0,14.158594544356363,2.143570951001989e-06,2.145310051471789e-08,8.124816670794518e-11,1.5964473692970667e-09,1.0868852058403306e-08,0.11720692570917796,9.17040008688435e-09,2.9469881089079935e-06,2.9421166140121686e-06,7.955274806844377,7.831407831843272,7.831437432475518,7.8314372526289695,8.61225108822599,8.498267470367496,8.498542111415249,8.49854064630061,True,1.2080618189070176e-06,9.17040008688435e-09,2.6291226819407757e-06,0.0003214964370053542,0.015633249997335952,0.015611957998771686,0.015566499998385552,0.015679959000408417,0.4445017090001784,-212.05888066445596,-211.9969471769554,-211.99696197727152,-211.99696188734825,-0.061918777107706546,1.4710392861161381e-05,1.480031613709798e-05,-8.992327593659866e-08
categorical,137,250,lbfgsb+gn,221.44401168422894,2.176569549071508e-06,0.39314958400063915,0,221.44401168422894,1.2002471249979862,0.0,1,0.0,[0.35 3.  ],[0.436904 2.697134],0.0,0.0,15.186071471484686,4.098218411449137e-07,4.098380848040181e-09,4.009342975795849e-11,8.785048061263127e-10,1.4969657397083988e-08,0.06072560397826104,1.6088547939367123e-08,7.777967365300513e-06,7.793931120046474e-06,7.853875489232873,7.753169904252201,7.753199458370515,7.753199334777679,8.923612904150236,8.55845771556769,8.5586492788899,8.558648345729607,True,7.979562667720247e-07,1.6088547939367123e-08,1.9217208313668343e-06,0.00013017471371966937,0.01524670800063177,0.015030874998046784,0.01508158300202922,0.015070792000187794,0.4413362919985957,-223.53307236243603,-223.48271956994571,-223.48273434700485,-223.48273428520844,-0.0503380772275932,1.4715262722120315e-05,1.477705913544014e-05,-6.179641331982566e-08
categorical,138,250,lbfgsb+gn,206.49891867679852,3.440710127991884e-06,0.3507952500003739,0,206.4989186767985,1.2258552910025173,2.766064031748887e-07,1,2.842170943040401e-14,[0.35 3.  ],[0.35438  3.037268],2.842170943040401e-14,2.842170943040401e-14,13.863675670366979,3.1093250793717153e-07,3.114234854516009e-09,6.880222440713633e-11,1.1787533963330967e-09,5.913319220561793e-09,0.21075571077442584,5.239656568997311e-08,9.964817424068957e-06,1.0012787052847215e-05,8.01079879135104,7.681590062954987,7.681550271229932,7.68155016245605,10.535402223333222,9.155569956910625,9.155126059378127,9.155125538229699,True,1.659527503336764e-06,5.239656568997311e-08,1.7095077117763212e-06,0.0003039149822923587,0.01595449999877019,0.015878041998803383,0.015677957999287173,0.0161732500018843,0.44470770900079515,-208.6664410060647,-208.50183664186667,-208.50181674600415,-208.50181669161722,-0.1646243144474795,-1.9950249452449498e-05,-1.989586252193476e-05,-5.4386930514738197e-08
categorical,139,250,lbfgsb+gn,207.41167791802994,2.9242476922282594e-06,0.35968045799745596,0,207.4116779180299,1.2375340409998898,1.1433688453374924e-07,0,2.842170943040401e-14,[0.35 3.  ],[0.42399  3.025255],0.0,2.842170943040401e-14,13.998857720762013,5.428366894056076e-07,5.431598940794648e-09,9.366036075301616e-11,1.2610162633346934e-09,7.151635644663459e-09,0.012996568753628571,2.194279703116833e-08,8.845848557596972e-06,8.867223384334715e-06,7.985501058088328,7.906133170874854,7.906195630938516,7.906195581122475,9.974398501750382,9.326865507027474,9.327370436790718,9.327370175072623,True,1.0119612553402563e-06,2.194279703116833e-08,3.0409016245273183e-07,0.00017867755853141147,0.015247916999214794,0.015637374999641906,0.0157447499987029,0.015757583001686726,0.44314804100213223,-209.56655138066478,-209.52686743705803,-209.52689866708985,-209.52689864218183,-0.039652738482942596,3.120512380405671e-05,3.123003182281536e-05,-2.490801875865145e-08
categorical,140,250,lbfgsb+gn,226.7404854520816,2.852632479125696e-07,0.3145738329985761,1,226.74048545208163,1.2467357499990612,9.58441729862141e-07,0,-2.842170943040401e-14,[0.35 3.  ],[0.392492 2.328858],5.684341886080802e-14,0.0,21.26171914334927,4.155200761126786e-08,4.162045368393308e-10,1.0873199275764256e-10,1.2482070018879972e-09,8.998771431705105e-09,0.23660297817049653,5.5117246530093166e-08,1.9952097181194073e-05,2.0005968626757727e-05,7.692348185686939,7.441433681536681,7.441539659933083,7.4415395322181634,10.478180345340677,10.046313714101187,10.047185626984652,10.047184879312006,True,1.5208698528116708e-06,5.5117246530093166e-08,5.906217193624883e-06,0.000467113403697114,0.015665957998862723,0.015573332999338163,0.01566912500129547,0.01521133400092367,0.44671645800190163,-228.74878247851575,-228.6233252264406,-228.6233782156388,-228.62337815178134,-0.1254043267344116,5.292534072509625e-05,5.298919819551884e-05,-6.385747042259027e-08
categorical,141,250,lbfgsb+gn,223.2296265478973,0.0,0.33757862499987823,1,223.2296265478973,1.2330925829992339,2.279007103817964e-06,0,0.0,[0.35 3.  ],[0.333252 2.660492],0.0,2.842170943040401e-14,14.718050213559994,9.499623033842152e-07,9.500092567498704e-09,9.946655683631454e-11,3.0740528074060705e-10,8.196522820978742e-09,0.0456393010360931,5.2972140924326455e-08,3.3094572315571527e-05,3.31474921252417e-05,7.893564436092223,7.849601225033918,7.849646478905827,7.849646351807552,9.98609662672329,9.99154294042223,9.991668917710568,9.991668169838698,True,2.2020056738010733e-06,5.2972140924326455e-08,2.393206240285868e-06,0.00019876900350329193,0.015624250001565088,0.015485792002436938,0.015438875001564156,0.015452042000106303,0.4535275000016554,-225.3385316995341,-225.31655009400492,-225.31657272094088,-225.31657265739176,-0.02195904214232769,2.2563386835372512e-05,2.2626935958669492e-05,-6.354912329697981e-08
categorical,142,250,lbfgsb+gn,235.41771169765343,3.1978176597586684e-07,0.32764837499780697,1,235.41771169765343,1.1949836669991782,0.0,1,0.0,[0.35 3.  ],[0.437923 2.322321],0.0,0.0,17.511776643319397,3.0387542492762116e-07,3.030290120603927e-09,7.716559258729008e-11,7.014530950111476e-10,3.2628554153205606e-09,0.18122205924807372,3.5534250510676474e-08,1.4281786178205343e-05,1.4316536394979286e-05,7.448200504733956,7.332417326507164,7.332507264121897,7.332507155192662,7.940737069681198,8.340171057320553,8.340820635552449,8.340820002032597,True,1.1026837227548439e-06,3.5534250510676474e-08,9.418213549528234e-07,0.0002142487806467905,0.015344834002462449,0.015473832998395665,0.015383833000669256,0.01543058400056907,0.5750324580003507,-237.30393488361108,-237.24604329449767,-237.24608826330504,-237.24608820884043,-0.05784667477064431,4.4914342765878246e-05,4.496880737292486e-05,-5.446460704661149e-08
ces,123,250,lbfgsb+gn,-205.6318264580548,9.303085867571673e-06,0.011915499999304302,1,-205.63182645805495,0.06293275000280119,7.105427357601002e-08,1,1.4210854715202004e-13,[0.6 0.3],[0.60799  0.335744],0.0,1.4210854715202004e-14,1231.019755856876,3.5907500228049145e-07,3.5900317785048143e-09,4.557311166133736e-11,2.6595940770101717e-10,2.911877205032938e-09,0.05039416443337585,1.685387752033796e-09,2.6801588953727087e-06,2.681014213135163e-06,13.504102717413668,13.555432269513119,13.55543600353316,13.555436149110676,80.07220470483273,87.0476608111696,87.04776500312965,87.04777775088988,True,1.2521169515804624e-07,1.685387752033796e-09,1.6147398435233884e-07,2.319761117824173e-05,0.0001673340011620894,0.00016325000251526944,0.00016087500262074172,0.0001604589997441508,0.02709258400136605,200.7176521657573,200.69198738970758,200.69198552269756,200.6919854499088,0.025666715848501553,1.9397987784941506e-06,1.8670100132567313e-06,7.278876523741928e-08
ces,124,250,lbfgsb+gn,-242.81352056102557,1.3518825751839324e-05,0.008736499999940861,1,-242.81352056102563,0.06002424999678624,2.2184095525277148e-05,1,5.684341886080802e-14,[0.6 0.3],[0.5984   0.328184],0.0,2.842170943040401e-14,1305.4378910595265,1.7267888847493743e-06,1.7266920064355855e-08,1.7263509125110828e-10,1.5996434572397332e-10,4.0384206203473495e-10,0.23434114805401646,3.378398582450199e-09,5.8488534670214705e-06,5.847365501379699e-06,12.93200630557697,13.567203113554754,13.567185784167743,13.56718578708072,58.32894554079453,84.29733589617081,84.29636763027813,84.2963680102364,True,3.19075641933624e-07,3.378398582450199e-09,2.2496949317620482e-07,1.006992520155508e-05,0.00023020899971015751,0.0001750839983287733,0.00016808399959700182,0.00016191699978662655,0.02716008299830719,238.18539447464642,237.86779607065753,237.86780473535103,237.86780473389453,0.3175897407518846,-8.66323699710847e-06,-8.66469349602994e-06,1.4564989214704838e-09
ces,125,250,lbfgsb+gn,-224.35079313302745,3.019965450003633e-06,0.010503707999305334,1,-224.35079313302734,0.058731999997689854,1.5696402069220398e-07,1,-1.1368683772161603e-13,[0.6 0.3],[0.61098  0.151862],0.0,0.0,1299.1244993098999,2.299591929969984e-06,2.299454104862767e-08,2.2606051932479747e-10,1.3993619410139634e-10,1.2934960008202086e-09,0.11907462811479536,1.1256824891752189e-08,6.3669599902951945e-06,6.357285662465297e-06,13.275044408378609,13.560005085170204,13.559975830222138,13.559975405308117,72.46089525927975,84.87866300376103,84.87671890391807,84.87668366177965,True,4.0301084730845987e-07,1.1256824891752189e-08,5.108284747424568e-07,7.458248117540295e-05,0.0001759590013534762,0.00016683300054864958,0.0001644590010982938,0.00016458299796795473,0.026433500002895016,219.55114799524748,219.4086676568517,219.40868228432572,219.40868249678272,0.14246549846475887,-1.4839931026244813e-05,-1.4627474030248777e-05,-2.124569959960354e-07
ces,126,250,lbfgsb+gn,-229.20516382242195,1.1895334282384715e-05,0.008542415998817887,1,-229.20516382242187,0.05893566699887742,1.6531958270766013e-05,1,-8.526512829121202e-14,[0.6 0.3],[0.592792 0.290741],2.842170943040401e-14,2.842170943040401e-14,1235.900753583899,1.3013413865399248e-06,1.3013700791254815e-08,1.0546366826534901e-10,1.6019130445781693e-10,4.948124303721087e-10,0.17587040958970576,4.742029699949289e-09,2.5860286821688644e-06,2.583686835936523e-06,13.200846963284292,13.630558115994436,13.630556351642499,13.630556061010868,74.32633942435614,94.13779982952724,94.13786373088818,94.13783666474836,True,2.401529079325318e-07,4.742029699949289e-09,2.487651357813784e-07,1.896837433508387e-05,0.00017787499746191315,0.00017137499889940955,0.00016762499944888987,0.00016124999820021912,0.026168458000029204,224.44261740718915,224.22776183083405,224.22776271301004,224.22776285832586,0.21485454886328625,-1.0274918054165028e-06,-8.821759820420993e-07,-1.453158233744034e-07
ces,127,250,lbfgsb+gn,-230.82365580523233,8.829047469026288e-07,0.007062665998091688,1,-230.82365580523228,0.06010045800212538,2.961891236313444e-05,0,-5.684341886080802e-14,[0.6 0.3],[0.607912 0.273087],2.842170943040401e-14,2.842170943040401e-14,1258.6696237649624,9.376221608591839e-07,9.379467788783156e-09,6.099706687206108e-11,2.2688685931617354e-10,2.807134575549533e-09,0.03226155397757006,4.057296884271704e-09,1.1866292103738415e-06,1.1842159632293376e-06,13.604648598642399,13.478282371768062,13.47829391768904,13.478293943113204,88.88297001910931,79.65689578756714,79.65788825488319,79.65789059237869,True,1.9564610428285425e-07,4.057296884271704e-09,2.9518845984145974e-07,4.3046158086471804e-05,0.00017070800095098093,0.0001622910021978896,0.00016162500105565414,0.0001642499992158264,0.02532108300147229,225.85920857232048,225.92239168575765,225.92238591279715,225.92238590008506,-0.06317732776457774,5.785672584579515e-06,5.772960491867707e-06,1.271209271180851e-08
ces,128,250,lbfgsb+gn,-189.63022211165483,5.734390500492975e-05,0.012768874999892432,0,-189.6302221116548,0.06117699999958859,3.0212691549237003e-07,1,-2.842170943040401e-14,[0.6 0.3],[0.583717 0.076352],2.842170943040401e-14,1.4210854715202004e-14,1184.4301054235482,1.5894724660911467e-06,1.589384184582047e-08,1.582610215803843e-10,8.343317767235923e-11,1.545703928292744e-09,0.06139169199020463,1.2773817206492427e-08,2.230680410164092e-06,2.230312951594754e-06,13.413877423148257,13.455377889132194,13.455426380242773,13.455425242721141,74.77478098376461,82.58335504557328,82.5874921854738,82.58739873221614,True,3.397967001105483e-07,1.2773817206492427e-08,2.1215557999842455e-06,0.00011636111481875999,0.00017154099987237714,0.00016441700063296594,0.00016308399790432304,0.00016241699995589443,0.02600858400182915,184.76116046649003,184.74041023349807,184.74038598794277,184.74038655670358,0.02077390978644189,2.3676794484117636e-05,2.424555529501049e-05,-5.687608108928544e-07
ces,129,250,lbfgsb+gn,-224.8056432439884,6.8089571988772e-06,0.009148832999926526,1,-224.80564324398836,0.06989249999969616,3.177643716156509e-08,1,-5.684341886080802e-14,[0.6 0.3],[0.61827  0.374893],2.842170943040401e-14,0.0,1177.4465303835548,5.105775712472212e-07,5.10621964040593e-09,4.9312242980212875e-11,2.4398734970506305e-10,1.4630101415700454e-09,0.0931781819047797,2.633728273639536e-09,1.5155909302484418e-06,1.5176288254995213e-06,13.165571065587578,13.445044904279897,13.445058317567888,13.445058128472827,67.34464283286921,81.87599550606377,81.8769797456864,81.87696440609048,True,1.1750305603808147e-07,2.633728273639536e-09,1.3891337941460417e-07,1.6984628561573323e-05,0.0002913330026785843,0.0006732920010108501,0.00045820800005458295,0.00017129199841292575,0.03654787499908707,220.06073477760395,219.9209978582578,219.9209911516138,219.92099124616132,0.13974353144263318,6.612096484559515e-06,6.70664400104215e-06,-9.454751648263482e-08
ces,130,250,lbfgsb+gn,-219.94194757820142,2.5895359328677224e-06,0.010211625001829816,1,-219.94194757820134,0.05880500000057509,3.426402399441068e-05,0,-8.526512829121202e-14,[0.6 0.3],[0.576051 0.386036],2.842170943040401e-14,1.4210854715202004e-14,1244.0798508487512,3.652215950663151e-07,3.652924552594238e-09,4.1408505889295936e-11,5.134002109839486e-11,4.945013560458568e-10,0.06210621321026836,2.67309756730012e-09,2.2487935858623e-06,2.2500015883648458e-06,13.719353241976991,13.729863566447488,13.72986720504613,13.729867000615926,96.10587857257708,102.46760998067141,102.46778159433953,102.46776078210982,True,1.0452689849310225e-07,2.67309756730012e-09,1.6951381275206036e-07,2.483096935523025e-05,0.00017270800162805244,0.00016429199968115427,0.0001593750021129381,0.00016208300075959414,0.02582470799825387,214.92014802362226,214.91489286138702,214.9148910420877,214.9148911443028,0.00525687931946095,1.7170842170344258e-06,1.8192993138654856e-06,-1.0221509683105978e-07
ces,131,250,lbfgsb+gn,-232.09655316930446,1.3216094885137863e-06,0.009513584001979325,1,-232.09655316930434,0.06014087500079768,2.8421709430404007e-08,1,-1.1368683772161603e-13,[0.6 0.3],[0.605478 0.160511],0.0,0.0,1218.35766299229,1.387438572979309e-06,1.3874813693663128e-08,1.4296131467595572e-10,2.2758015475587625e-10,2.3268011647538943e-09,0.0996467207535051,8.762649011588745e-09,1.964625951712626e-06,1.9593710825872507e-06,13.337642167313232,13.515165743775178,13.515140541512562,13.515139976457881,79.40655762700936,85.39915945510444,85.39714375431065,85.39709606889582,True,2.9426871685267535e-07,8.762649011588745e-09,4.253799714956293e-07,4.6803425942571326e-05,0.0001634580003155861,0.000158124999870779,0.000161667001520982,0.00016004099961719476,0.025617541999963578,227.26560915205718,227.1768473638262,227.17685996495752,227.17686024748485,0.08874890457232709,-1.2883658655482577e-05,-1.2601131317069303e-05,-2.8252733841327426e-07
ces,132,250,lbfgsb+gn,-218.3372525459494,9.500952785314035e-06,0.007974457999807782,1,-218.33725254594944,0.059824083000421524,5.1237965343830033e-08,1,2.842170943040401e-14,[0.6 0.3],[0.595359 0.471252],0.0,2.842170943040401e-14,1311.4070942729525,5.798411998597082e-07,5.798121179692182e-09,5.729175044861713e-11,8.27346405909184e-11,4.4789092995028515e-10,0.1625473333619299,1.1196340344655676e-09,7.121150562204548e-07,7.132149850886094e-07,13.960969508013363,13.667261870866046,13.667247305151037,13.667247318168748,106.42128503238037,92.15690614457522,92.15561024080964,92.15561135577207,True,1.0471049980754434e-07,1.1196340344655676e-09,1.347783262718591e-07,4.818885165614727e-07,0.00016937499822233804,0.00016695800150046125,0.0001653340004850179,0.0001605830002517905,0.0264245829966967,213.19464485835206,213.3414986769257,213.34150595978323,213.34150595327438,-0.1468610949223148,-7.276348668483479e-06,-7.282857524160136e-06,6.508855676656822e-09
ces,133,250,lbfgsb+gn,-221.92827213726392,4.632825819493284e-06,0.010003999999753432,1,-221.92827213726395,0.06006025000169757,5.1237965343830033e-08,1,2.842170943040401e-14,[0.6 0.3],[0.592073 0.284145],2.842170943040401e-14,2.842170943040401e-14,1226.701494627973,1.3682785170422807e-06,1.3682926124868883e-08,1.517461733692244e-10,1.852662940595906e-10,6.058923928786807e-09,0.16670256385660873,3.737113837368917e-09,3.5638866782585234e-06,3.5615189012012093e-06,12.993082384611153,13.467889108626874,13.467910446187465,13.46791025687098,60.41673181329336,81.0006491188728,81.00266364090837,81.00264852530056,True,2.468501616364671e-07,3.737113837368917e-09,1.2572599546145895e-07,7.465900303498615e-06,0.00016675000006216578,0.0001598330018168781,0.00015541700122412294,0.00015499999790336005,0.024650374998600455,217.26960801136767,217.0322046493598,217.0321939805795,217.03219407523775,0.23741393612991146,1.0574122057960267e-05,1.0668780305422843e-05,-9.465824746257567e-08
ces,134,250,lbfgsb+gn,-224.94209768313524,2.5337969897586827e-05,0.009675582998170285,1,-224.9420976831355,0.0632599169985042,3.820292736844347e-05,1,2.5579538487363607e-13,[0.6 0.3],[0.605568 0.103524],2.842170943040401e-14,0.0,1296.1193635263498,1.4552846547884743e-06,1.4552388591923693e-08,1.4406902109250265e-10,1.1643428455243104e-10,6.486314553983147e-10,0.03363477880214734,3.709409573502267e-09,1.2440033596553707e-06,1.2438860114037633e-06,13.646264010236807,13.70696085728867,13.706943264692754,13.706943165033866,93.56898596373229,96.50427468919638,96.50261417051983,96.50260487958273,True,3.5245852401494946e-07,3.709409573502267e-09,3.4128472162271853e-07,1.6030832335256023e-05,0.0001784999985829927,0.00016775000040070154,0.00016637499720673077,0.00016495799718541093,0.02578837500186637,219.95684274442618,219.92649432090025,219.9265031171982,219.92650316702765,0.030339577398535766,-8.846127400374826e-06,-8.796297947810672e-06,-4.982945256415405e-08
ces,135,250,lbfgsb+gn,-221.6735096044744,4.5376262711120655e-06,0.008371625001018401,1,-221.67350960447436,0.05775974999778555,4.019436694230464e-08,1,-2.842170943040401e-14,[0.6 0.3],[0.596756 0.459579],2.842170943040401e-14,1.4210854715202004e-14,1357.855505800588,1.5532369936649733e-07,1.553606436076436e-09,8.147362721980502e-12,5.879253199710836e-11,9.151322935948111e-10,0.09499317153586999,3.1735623576083273e-09,2.3535339310815552e-06,2.3564473713367197e-06,13.477248552710215,13.725587616851396,13.725604160457689,13.72560404674575,81.10008385757692,94.08802191573548,94.08936226643011,94.08935184745768,True,6.10525463211454e-08,3.1735623576083273e-09,2.5006225801037286e-07,2.7455454318183684e-05,0.00017420799849787727,0.00016570799925830215,0.0001645419979467988,0.00016220800171140581,0.025892667003063252,216.77276239452863,216.64859286245803,216.64858459065488,216.64858464751086,0.12417774701776807,8.214947172291431e-06,8.271803153547808e-06,-5.6855981256376253e-08
ces,136,250,lbfgsb+gn,-242.13179680596497,1.9712714548317356e-05,0.007863625000027241,1,-242.1317968059649,0.06124820799959707,1.034565839472708e-07,1,-5.684341886080802e-14,[0.6 0.3],[0.603615 0.213733],2.842170943040401e-14,2.842170943040401e-14,1282.5427848024835,1.2272797546940752e-06,1.2274280703972497e-08,1.3061101854412226e-10,1.8908951616191003e-10,3.537286254766386e-09,0.21259941724597559,4.822176019403e-09,1.573823977758108e-06,1.5710024685873868e-06,13.149538387584101,13.610685749145114,13.610714501792447,13.610714335226534,71.32129867210473,89.08255901386177,89.08524187923375,89.085227426662,True,2.5278215843283967e-07,4.822176019403e-09,3.751807998867094e-07,4.507480069446309e-05,0.00016245799997705035,0.00015758299923618324,0.00016037500245147385,0.00015825000082259066,0.02698266699735541,237.39490467858224,237.16433099780176,237.16431662147806,237.16431670476103,0.23058797382120133,1.4293040720758654e-05,1.437632369061248e-05,-8.328296985382622e-08
ces,137,250,lbfgsb+gn,-199.81978971273753,1.196926058033193e-05,0.010303792001650436,1,-199.8197897127376,0.05874816700088559,1.1597354812133683e-05,1,5.684341886080802e-14,[0.6 0.3],[0.586441 0.23435 ],0.0,1.4210854715202004e-14,1278.3680993734267,1.0581498644941354e-06,1.0569700036950158e-08,1.2318234012373075e-10,2.5759268621947015e-09,1.7929131709767258e-08,0.22922364293187475,3.457178745076289e-09,8.82424056498948e-07,8.835887580207231e-07,14.166788199425957,13.772467499155571,13.772475755069452,13.77247551137449,125.73488403592332,104.05124009509049,104.05208345155776,104.05205830762262,True,2.377153269232955e-07,3.457178745076289e-09,3.9478530884055286e-07,3.2474310444141085e-05,0.00016566699923714623,0.0001597500013303943,0.00015729100050521083,0.00015608300236635841,0.02604304199849139,194.57427267943388,194.77143302956907,194.77142890161213,194.77142902345963,-0.19715634402575688,4.006109435295002e-06,4.127956941601951e-06,-1.2184750630694907e-07
ces,138,250,lbfgsb+gn,-220.54895550527198,7.919922377989664e-07,0.00873854200108326,1,-220.54895550527203,0.05912904200158664,5.859285502108464e-08,1,5.684341886080802e-14,[0.6 0.3],[0.602467 0.28296 ],2.842170943040401e-14,2.842170943040401e-14,1173.3161483660424,1.238268190675831e-06,1.2382151258517824e-08,6.341629596887006e-11,6.246046098344596e-10,4.496461788427748e-09,0.055308219050045175,3.0731340032127316e-09,2.9577974972063554e-06,2.955960426121984e-06,13.234276884470589,13.362076966341625,13.362064354938383,13.362064263870373,71.0402382459136,76.26208068540053,76.26133536626133,76.26132860379148,True,2.3801290993561064e-07,3.0731340032127316e-09,1.2304467287515942e-07,3.991120490872717e-06,0.00017179199858219363,0.00016041599883465096,0.0001584999990882352,0.00015791599798831157,0.02544020799905411,215.769694129446,215.7057940885105,215.70580039421213,215.70580043974613,0.0638936896998814,-6.3512356405226456e-06,-6.305701646169837e-06,-4.5533994352808804e-08
ces,139,250,lbfgsb+gn,-233.85987932583006,1.05977633641415e-05,0.007977875000506174,1,-233.85987932583006,0.05615220799882081,2.8421709430404007e-08,1,0.0,[0.6 0.3],[0.592731 0.433365],0.0,0.0,1284.9550540511905,4.69946120561533e-07,4.700022626358293e-09,3.9563275551604765e-11,6.581930190906006e-11,3.027572656236422e-10,0.15028186651899117,6.232155894872739e-10,8.342000935396132e-07,8.341216015559043e-07,13.287358758727276,13.628790424471042,13.628785731299931,13.628785790730767,75.50971506541083,90.40926057594037,90.408795230116,90.40880058335695,True,8.522714114845855e-08,6.232155894872739e-10,6.249570769977741e-08,2.396127547557084e-06,0.0002140830001735594,0.0001637919995118864,0.0001593750021129381,0.000158124999870779,0.02492270799848484,229.05407701287575,228.88336118000387,228.88336352658942,228.883363496874,0.17071351600174012,-2.3168701375197998e-06,-2.346585546320057e-06,2.9715408800257137e-08
ces,140,250,lbfgsb+gn,-226.07490208801596,9.486307020824554e-06,0.007838749999791617,1,-226.074902088016,0.056458292001480004,5.859285502108464e-08,1,2.842170943040401e-14,[0.6 0.3],[0.59754  0.254344],0.0,2.842170943040401e-14,1301.0029058931561,1.4834125469445998e-06,1.4834103893129018e-08,1.350868908799664e-10,2.3414978305258026e-09,5.904779203629454e-09,0.05678507952018416,2.3541836778580643e-09,3.432035613346441e-06,3.4310670940375256e-06,13.456138709408823,13.687837044525548,13.687840073310658,13.68784002590829,78.26262412917865,94.96538294779269,94.96599177879006,94.96598740185084,True,2.7509590378617075e-07,2.3541836778580643e-09,6.370847642108467e-08,3.0271221670974774e-05,0.00016945800234680064,0.00016020899784052745,0.000158124999870779,0.00015766599972266704,0.02524529200309189,221.18470979972088,221.0688606321625,221.06885911776996,221.06885914147114,0.11585065824974095,1.490691374783637e-06,1.5143925509164546e-06,-2.3701176132817636e-08
ces,141,250,lbfgsb+gn,-220.94423297402085,2.241603664105089e-05,0.008475458002067171,1,-220.94423297402082,0.059058791001007194,9.532931148469528e-08,1,-2.842170943040401e-14,[0.6 0.3],[0.595149 0.20759 ],0.0,0.0,1132.6518015589475,7.325190253284669e-07,7.323310092996807e-09,5.126224483089038e-11,2.908360159074022e-10,3.811083979585334e-09,0.20002161315530206,5.851119764405295e-09,2.4530915219734195e-06,2.4584366372021337e-06,12.792500139484062,13.407590739132438,13.407573956289536,13.407573835409728,54.843418391225846,81.41831860268182,81.41676218661271,81.41675281211143,True,2.1822624982703012e-07,5.851119764405295e-09,4.995683240410424e-07,5.886887110470638e-05,0.00016433400014648214,0.00015866700050537474,0.00015749999874969944,0.0001589579987921752,0.025300833000073908,216.38585997068816,216.07831467086396,216.07832306228542,216.07832312272532,0.30753684796283665,-8.451861361891133e-06,-8.391421459919002e-06,-6.043990197213134e-08
ces,142,250,lbfgsb+gn,-222.85508023412217,3.829825609399152e-05,0.008215750000090338,1,-222.85508023412208,0.0576230000006035,7.652779469160726e-08,1,-8.526512829121202e-14,[0.6 0.3],[0.613882 0.296261],2.842170943040401e-14,2.842170943040401e-14,1261.4237347934238,1.2290175636494937e-06,1.2290629856425533e-08,1.255920374452531e-10,2.618549809412373e-10,1.0568791268151607e-09,0.07592661502335829,5.249936004471138e-09,2.487585539899875e-06,2.485210367151587e-06,13.597977737174173,13.570447781096163,13.57048012706538,13.570479750929161,83.9731633338154,87.22933035606638,87.23235876292661,87.23232625242656,True,2.386324927593555e-07,5.249936004471138e-09,4.740129435330746e-07,4.427904425193832e-05,0.0001654579973546788,0.0001593750021129381,0.0001572500004840549,0.0001572500004840549,0.025099916001636302,217.89396843194442,217.90773340998342,217.90771723699882,217.90771742506692,-0.013748993122504771,1.598491650156575e-05,1.617298460132588e-05,-1.8806809976013028e-07
